reviewId,content,score,sentiment,clean_text,tokens,original_length,clean_length,polarity_before,polarity_after
0ee18853-0362-4e08-b8e6-22289b9334b7,ok,5,positif,ok,['ok'],1,1,0.5,0.5
a9b62904-4eb4-4d1c-bd05-50f3da5c19f6,Aplikasi terbaik sejauh ini untuk investor ritel unyu macam saya😂,5,positif,aplikasi baik jauh investor ritel unyu macam,"['aplikasi', 'baik', 'jauh', 'investor', 'ritel', 'unyu', 'macam']",10,7,0.0,0.0
23c8d9df-9697-4ad2-bb91-f809042e665e,kalo bisa datafeed nya hilangin xixixi,5,positif,kalau bisa datafeed nya hilangin xixixi,"['kalau', 'bisa', 'datafeed', 'nya', 'hilangin', 'xixixi']",6,6,0.0,0.0
2093c16a-e1dd-4cc8-90b8-39b57b741838,simply best stock broker in Indonesia,5,positif,simply best stock broker indonesia,"['simply', 'best', 'stock', 'broker', 'indonesia']",6,5,1.0,1.0
9e58a25f-79ef-4e4c-84e0-15f431921511,ok,5,positif,ok,['ok'],1,1,0.5,0.5
9cda417e-8dcc-4741-882c-6d6a359c5e15,bagus,5,positif,bagus,['bagus'],1,1,0.0,0.0
9d2120b6-cefc-4b9b-8378-520f6e649a15,Bagus,4,positif,bagus,['bagus'],1,1,0.0,0.0
cc3129f9-c8e4-4b62-8bfa-6ed19938e69a,Work like chatnya ☆☆☆☆☆,5,positif,work like chatnya,"['work', 'like', 'chatnya']",4,3,0.0,0.0
4d3c644d-e3b0-407e-9cda-dc4acda4fdd1,stockbit update nya gg terus jadi makin sayang,5,positif,stockbit update nya gg terus jadi makin sayang,"['stockbit', 'update', 'nya', 'gg', 'terus', 'jadi', 'makin', 'sayang']",8,8,0.0,0.0
1c8f0a08-a4a3-4085-834d-b187a82372c8,easy to understand the float,5,positif,easy understand float,"['easy', 'understand', 'float']",5,3,0.4333333333333333,0.4333333333333333
0476f61e-789e-45c9-bfbc-4b9e52eb454a,"update: masalah sudah clear, thanks tim stockbit // // saat login lalu minta verifikasi device utama katanya tinggal klik lanjut pada device utama. lah ini saya login pakai device utama, notifikasi lanjutnya juga ga nyala orang gabisa login...",4,positif,update masalah sudah clear thanks tim stockbit saat login lalu minta verifikasi device utama kata tinggal klik lanjut pada device utama lah login pakai device utama notifikasi lanjut juga tidak nyala orang gabisa login,"['update', 'masalah', 'sudah', 'clear', 'thanks', 'tim', 'stockbit', 'saat', 'login', 'lalu', 'minta', 'verifikasi', 'device', 'utama', 'kata', 'tinggal', 'klik', 'lanjut', 'pada', 'device', 'utama', 'lah', 'login', 'pakai', 'device', 'utama', 'notifikasi', 'lanjut', 'juga', 'tidak', 'nyala', 'orang', 'gabisa', 'login']",38,34,0.15,0.15
a5f624d8-7b0e-47c2-adf9-d88aa0b9659d,"Pelayanan stockbit mantap, aku cuman penasaran terkait trading limit, dan merasa belum terjawab di artikel nya, langaung pake fitur live chat di webside nya, awalnya di response sama bot, masih masuk akal karena penggunanya banyak, 6 menit kemudian langsung di support sama CS, tanpa perlu login cuman masukan alamat email saja, sangat saya mengapresiasi fast respond dari tim Stockbit. krn selama di minggu ini saya cb minta bantuan ke CS Pajak mslh Cortex, dibalesnya Lama banget dan ga informatif",5,positif,layan stockbit mantap cuman penasaran kait trading limit rasa belum jawab artikel nya langaung pake fitur live chat webside nya awal response sama bot masih masuk akal karena guna banyak menit kemudian langsung support sama cs tanpa perlu login cuman masuk alamat email saja sangat apresiasi fast respond tim stockbit karena lama minggu cb minta bantu cs pajak mslh cortex dibalesnya lama banget tidak informatif,"['layan', 'stockbit', 'mantap', 'cuman', 'penasaran', 'kait', 'trading', 'limit', 'rasa', 'belum', 'jawab', 'artikel', 'nya', 'langaung', 'pake', 'fitur', 'live', 'chat', 'webside', 'nya', 'awal', 'response', 'sama', 'bot', 'masih', 'masuk', 'akal', 'karena', 'guna', 'banyak', 'menit', 'kemudian', 'langsung', 'support', 'sama', 'cs', 'tanpa', 'perlu', 'login', 'cuman', 'masuk', 'alamat', 'email', 'saja', 'sangat', 'apresiasi', 'fast', 'respond', 'tim', 'stockbit', 'karena', 'lama', 'minggu', 'cb', 'minta', 'bantu', 'cs', 'pajak', 'mslh', 'cortex', 'dibalesnya', 'lama', 'banget', 'tidak', 'informatif']",79,65,0.1681818181818181,0.1681818181818181
acef4bc3-d3e6-4be6-a578-d32c3a2df9ed,"Tolong di keystats ditambahkan management effectiveness, tks",5,positif,tolong keystats tambah management effectiveness tks,"['tolong', 'keystats', 'tambah', 'management', 'effectiveness', 'tks']",7,6,0.0,0.0
5fcc4ec7-8052-4bfe-8002-690c7b444541,Respon cepat dan akurat dr CS Baston_stockbit. Mantapp,5,positif,respon cepat akurat cs bastonstockbit mantapp,"['respon', 'cepat', 'akurat', 'cs', 'bastonstockbit', 'mantapp']",8,6,0.0,0.0
61d56362-1a90-4b59-8cb3-81a1a34cbc3b,Tolong di bagian analisis tiap emiten ditambahkan PE Band Annualized (bukan PE Band TTM),4,positif,tolong bagi analisis tiap emiten tambah pe band annualized bukan pe band ttm,"['tolong', 'bagi', 'analisis', 'tiap', 'emiten', 'tambah', 'pe', 'band', 'annualized', 'bukan', 'pe', 'band', 'ttm']",14,13,0.0,0.0
b15558e0-1b0e-40cc-ac1e-fd7c9c7fd21f,the best.... berkas pendukung pelaporan pajaknya paling jelas Dan paling update. tinggal jiplak sesuai data. sudah di klasifikasikan sesuai dengan form pengisian pelaporan pajak di coretax,5,positif,best berkas dukung lapor pajak paling jelas paling update tinggal jiplak sesuai data sudah klasifikasi sesuai dengan form isi lapor pajak coretax,"['best', 'berkas', 'dukung', 'lapor', 'pajak', 'paling', 'jelas', 'paling', 'update', 'tinggal', 'jiplak', 'sesuai', 'data', 'sudah', 'klasifikasi', 'sesuai', 'dengan', 'form', 'isi', 'lapor', 'pajak', 'coretax']",26,22,1.0,1.0
f5d12e82-3b48-4413-913c-6c0299ad0759,"Sangat lengkap semua fitur2nya, thanks a lot pak Wellson yg sudah bersedia mendengarkan inputan dan bersedia menemui kami langsung para trader",5,positif,sangat lengkap semua fitur nya thanks a lot pak wellson sudah sedia dengar inputan sedia temu kami langsung para trader,"['sangat', 'lengkap', 'semua', 'fitur', 'nya', 'thanks', 'a', 'lot', 'pak', 'wellson', 'sudah', 'sedia', 'dengar', 'inputan', 'sedia', 'temu', 'kami', 'langsung', 'para', 'trader']",21,20,0.2,0.2
01a20057-f324-4c0a-a721-69f633ab2e9b,so far very good,4,positif,so far very good,"['so', 'far', 'very', 'good']",4,4,0.505,0.505
edb59928-a53d-4f61-83f0-e86950f88406,Semoga investasi indonesia terus maju dan ramah untuk ritel. Jaga kualitas server ya min..,5,positif,moga investasi indonesia terus maju ramah ritel jaga kualitas server ya min,"['moga', 'investasi', 'indonesia', 'terus', 'maju', 'ramah', 'ritel', 'jaga', 'kualitas', 'server', 'ya', 'min']",14,12,0.0,0.0
4c160c92-1cad-43d1-b3bd-b5ef3d446e87,"stabil, data lengkap, simple, ringan...",5,positif,stabil data lengkap simple ringan,"['stabil', 'data', 'lengkap', 'simple', 'ringan']",5,5,0.0,0.0
1862d7ca-0682-4a3a-b251-917de8a17ae4,mantaapp sih ini...,5,positif,mantaapp sih,"['mantaapp', 'sih']",3,2,0.0,0.0
8fd6c813-51c1-468f-bcf4-7779872b859c,Applikasi Stockbit yg terbaik saat ini dalam trading.,5,positif,applikasi stockbit baik saat dalam trading,"['applikasi', 'stockbit', 'baik', 'saat', 'dalam', 'trading']",8,6,0.0,0.0
a547706e-0286-491d-822b-2b2f3c8886e3,respon cs nya cepat dan sangat membantu 👌,5,positif,respon cs nya cepat sangat bantu,"['respon', 'cs', 'nya', 'cepat', 'sangat', 'bantu']",8,6,0.0,0.0
3f219c1a-ae80-4326-997f-4233d676e35b,bagus tuk investasi,5,positif,bagus investasi,"['bagus', 'investasi']",3,2,0.0,0.0
8bbb01e2-73ad-4429-bcac-71cc72a3f383,min. kode warna broker lokal kok ada yg merah? bukannya merah itu kode broker asing?,5,positif,min kode warna broker lokal kok ada merah bukan merah kode broker asing,"['min', 'kode', 'warna', 'broker', 'lokal', 'kok', 'ada', 'merah', 'bukan', 'merah', 'kode', 'broker', 'asing']",15,13,0.0,0.0
162c1686-c4cf-406f-9d4f-7c01e23dd9fe,"Makin canggih, bisa buat sub multi account..",5,positif,makin canggih bisa buat sub multi account,"['makin', 'canggih', 'bisa', 'buat', 'sub', 'multi', 'account']",7,7,0.0,0.0
ca813f49-3df7-4f1a-9085-de0d3dce8c36,mantullll... cpt be aplikasi...,5,positif,mantullll cpt be aplikasi,"['mantullll', 'cpt', 'be', 'aplikasi']",4,4,0.0,0.0
3047daaa-885b-46d9-a7b9-a51cd1a3d9b5,best broker in indonesian,5,positif,best broker indonesian,"['best', 'broker', 'indonesian']",4,3,1.0,1.0
a29e4f4d-b593-4d0f-940f-b4eaebf6c716,"2 hari berturut turut tgl 6 nov dan 7 nov 2025 error pas jam 9 pagi bursa.. pls fix it asap.. normal lg setelah 30 mnt. tim IT nya bagaimana ini? edit: all is good now, fitur terbarunya wokeh 👍",5,positif,hari turut turut tgl nov nov error pas jam pagi bursa pls fix it asap normal lagi telah mnt tim it nya bagaimana edit all good now fitur baru wokeh,"['hari', 'turut', 'turut', 'tgl', 'nov', 'nov', 'error', 'pas', 'jam', 'pagi', 'bursa', 'pls', 'fix', 'it', 'asap', 'normal', 'lagi', 'telah', 'mnt', 'tim', 'it', 'nya', 'bagaimana', 'edit', 'all', 'good', 'now', 'fitur', 'baru', 'wokeh']",40,30,0.425,0.425
12b624fe-2fa4-46da-a5d3-c4668adaa826,paten bintang lima,5,positif,paten bintang lima,"['paten', 'bintang', 'lima']",3,3,0.0,0.0
8fe69265-ac5b-4f5b-8031-b350f62c8305,"mudah, informatif, dan aman",5,positif,mudah informatif aman,"['mudah', 'informatif', 'aman']",4,3,0.0,0.0
e3dc6428-279a-4c93-81f9-963b81362f27,"Versi desktopnya debest sih. untuk versi desktop, sy ada bbrp masukan. 1. tambahkan opsi edit bulk list saham dalam watchlist, krn skrng hapus watchlist msh harus 1-1. 2. berikan opsi edit layout/widget size by pixel/transform dngn angka dan ada fitur snap to edge antar widget, 3. Jadikan template screener sbg widget agar bisa langsung di kombinasikan dngn widget lain untuk analisis dngn template pribadi.",5,positif,versi desktopnya debest sih versi desktop ada bbrp masuk tambah opsi edit bulk list saham dalam watchlist karena skrng hapus watchlist masih harus ikan opsi edit layoutwidget size by pixeltransform dngn angka ada fitur snap edge antar widget jadi template screener sbg widget agar bisa langsung kombinasi dngn widget lain analisis dngn template pribadi,"['versi', 'desktopnya', 'debest', 'sih', 'versi', 'desktop', 'ada', 'bbrp', 'masuk', 'tambah', 'opsi', 'edit', 'bulk', 'list', 'saham', 'dalam', 'watchlist', 'karena', 'skrng', 'hapus', 'watchlist', 'masih', 'harus', 'ikan', 'opsi', 'edit', 'layoutwidget', 'size', 'by', 'pixeltransform', 'dngn', 'angka', 'ada', 'fitur', 'snap', 'edge', 'antar', 'widget', 'jadi', 'template', 'screener', 'sbg', 'widget', 'agar', 'bisa', 'langsung', 'kombinasi', 'dngn', 'widget', 'lain', 'analisis', 'dngn', 'template', 'pribadi']",64,54,0.0,0.0
4e553b65-3953-4def-920d-0d38ad9dcfc9,"Update: All is good now. Thank you. product knowledge dr customer service sangat kurang. saya menyampaikan masalah penghapusan dan penambahan akun bank, tidak ada menu seperti yang tertera di panduan, diminta juga utk mengambil screenshot padahal aplikasi tidak mengizinkan pengambilan screenshot. saya malah diminta mengambil screenshot menggunakan device lain. bagaimana jika saya sedang tidak menggunakan device lain. yang pertama menjawab bernama Baston. yang kedua, bernama Albert.",4,positif,update all good now thank you product knowledge customer service sangat kurang sampai masalah hapus tambah akun bank tidak ada menu seperti tera pandu minta juga ambil screenshot padahal aplikasi tidak izin ambil screenshot malah minta ambil screenshot guna device lain bagaimana jika sedang tidak guna device lain pertama jawab nama baston dua nama albert,"['update', 'all', 'good', 'now', 'thank', 'you', 'product', 'knowledge', 'customer', 'service', 'sangat', 'kurang', 'sampai', 'masalah', 'hapus', 'tambah', 'akun', 'bank', 'tidak', 'ada', 'menu', 'seperti', 'tera', 'pandu', 'minta', 'juga', 'ambil', 'screenshot', 'padahal', 'aplikasi', 'tidak', 'izin', 'ambil', 'screenshot', 'malah', 'minta', 'ambil', 'screenshot', 'guna', 'device', 'lain', 'bagaimana', 'jika', 'sedang', 'tidak', 'guna', 'device', 'lain', 'pertama', 'jawab', 'nama', 'baston', 'dua', 'nama', 'albert']",66,55,0.7,0.7
30b1914a-6172-4625-a276-d8dba6a30ad9,friendly user dan responsive,5,positif,friendly user responsive,"['friendly', 'user', 'responsive']",4,3,0.375,0.375
fe1c09ce-51b2-4dce-a3ca-6db15fdbffd8,thanks stockbit akun gua dah balik lagi bjirr 🗿,5,positif,thanks stockbit akun gua sudah balik lagi bjirr,"['thanks', 'stockbit', 'akun', 'gua', 'sudah', 'balik', 'lagi', 'bjirr']",9,8,0.2,0.2
d66317e8-2e40-481e-bd5b-4010b2ee62cd,Landscape mode is not supported on the Mi Pad 6. Is it possible to receive an update to enable a wider display for monitoring while traveling?,4,positif,landscape mode not supported mi pad it possible receive an update enable a wider display monitoring while traveling,"['landscape', 'mode', 'not', 'supported', 'mi', 'pad', 'it', 'possible', 'receive', 'an', 'update', 'enable', 'a', 'wider', 'display', 'monitoring', 'while', 'traveling']",26,18,0.0,0.0
accc7a2a-6878-404f-9b9d-34cd8ee2db1d,good,5,positif,good,['good'],1,1,0.7,0.7
4ab8a25c-c684-4107-93c9-db64a4bcae9a,enak sih lancar jaya,5,positif,enak sih lancar jaya,"['enak', 'sih', 'lancar', 'jaya']",4,4,0.0,0.0
921675b5-9c96-4ec2-a4ac-dc5c17c95a68,boleh usul kasih 1x kesempatan ubah username stockbit?,5,positif,boleh usul kasih x sempat ubah username stockbit,"['boleh', 'usul', 'kasih', 'x', 'sempat', 'ubah', 'username', 'stockbit']",8,8,0.0,0.0
d49a5e8d-7bfa-4cfa-b3ad-6d50c9c74f89,"Sekuritas dengan fitur terlengkap, terkeren dan wadidaw",5,positif,sekuritas dengan fitur lengkap keren wadidaw,"['sekuritas', 'dengan', 'fitur', 'lengkap', 'keren', 'wadidaw']",7,6,0.0,0.0
66de487b-d08e-4c0a-8fe0-bdb9b3483705,good application,5,positif,good application,"['good', 'application']",2,2,0.7,0.7
098635ee-a958-41a1-93e5-f4b090694c4e,usefull,5,positif,usefull,['usefull'],1,1,0.0,0.0
aaa99f7c-53e1-45c6-a45e-cc75ec8daff6,dah pakai sejak 2020 lalu. masih jadi andalan sebagai roda ekonomi. best retail broker! 👍,5,positif,sudah pakai sejak lalu masih jadi andal bagai roda ekonomi best retail broker,"['sudah', 'pakai', 'sejak', 'lalu', 'masih', 'jadi', 'andal', 'bagai', 'roda', 'ekonomi', 'best', 'retail', 'broker']",15,13,1.0,1.0
3b90a1fe-5a82-4405-acec-8757b2745cd6,good trading application,5,positif,good trading application,"['good', 'trading', 'application']",3,3,0.7,0.7
007cb461-cb69-499a-aea9-88915625d5f1,sangat user friendly dan fitur laporan keuangan lengkap,5,positif,sangat user friendly fitur lapor uang lengkap,"['sangat', 'user', 'friendly', 'fitur', 'lapor', 'uang', 'lengkap']",8,7,0.375,0.375
642d2289-ce97-411a-88b2-95cd41a15342,very helpfull in trading,5,positif,very helpfull trading,"['very', 'helpfull', 'trading']",4,3,0.2,0.2
f5f33215-fcf5-40ac-bd41-cac6b2ae1222,good apps,5,positif,good apps,"['good', 'apps']",2,2,0.7,0.7
10f02e49-625f-486d-a94b-05a4c55bd13b,"bagus, tapi yang desktop belum support di linux",4,positif,bagus tapi desktop belum support linux,"['bagus', 'tapi', 'desktop', 'belum', 'support', 'linux']",8,6,0.0,0.0
8f6bfdf1-cbff-42a2-b229-3d1c13125418,Sangat mudah digunakan dan tampilan UI yg bagus. tingkatkan terus XL,5,positif,sangat mudah guna tampil ui bagus tingkat terus xl,"['sangat', 'mudah', 'guna', 'tampil', 'ui', 'bagus', 'tingkat', 'terus', 'xl']",11,9,0.0,0.0
df0bdae9-7151-4a33-bc49-e31616737b45,"how come this app just got 3.8 stars lol ? once when I was there. this app was the best investing app and appear first when I though, ""how I can investing"".",5,positif,how come aplikasi just got stars lol once when i was there aplikasi was best investing aplikasi and appear first when i though how i can investing,"['how', 'come', 'aplikasi', 'just', 'got', 'stars', 'lol', 'once', 'when', 'i', 'was', 'there', 'aplikasi', 'was', 'best', 'investing', 'aplikasi', 'and', 'appear', 'first', 'when', 'i', 'though', 'how', 'i', 'can', 'investing']",32,27,0.6833333333333332,0.6833333333333332
49fb9ac5-5f8d-4eeb-a222-f796bc79d246,"sesuai review kemarin, 5 bintang app berjalan normal dan bagus, mungkin yg perlu waspada adalah verifikasi data yg sangat lama",5,positif,sesuai review kemarin bintang aplikasi jalan normal bagus mungkin perlu waspada adalah verifikasi data sangat lama,"['sesuai', 'review', 'kemarin', 'bintang', 'aplikasi', 'jalan', 'normal', 'bagus', 'mungkin', 'perlu', 'waspada', 'adalah', 'verifikasi', 'data', 'sangat', 'lama']",20,16,0.15,0.15
134fb6f0-27ad-49c3-9693-e8d0ecc29200,Mohon perbaiki & tingkatkan kualitas UI UX seperti Ajaib. Makasih sebelumnya,4,positif,mohon baik tingkat kualitas ui ux seperti ajaib makasih belum,"['mohon', 'baik', 'tingkat', 'kualitas', 'ui', 'ux', 'seperti', 'ajaib', 'makasih', 'belum']",11,10,0.0,0.0
4724edb0-c7cc-457c-bdd4-8c51f4a3a72f,good,5,positif,good,['good'],1,1,0.7,0.7
0be81dbf-e49d-4f53-b5a2-069244359f5b,Simply powerful,5,positif,simply powerful,"['simply', 'powerful']",2,2,0.3,0.3
d948a028-7863-4ec1-b6f2-c3b9aad340b0,"mudah digunakan, fitur chart sangat baik",5,positif,mudah guna fitur chart sangat baik,"['mudah', 'guna', 'fitur', 'chart', 'sangat', 'baik']",6,6,0.0,0.0
3518ff1e-3e97-4235-aaea-15fb62ca62a1,"Easy to register, user friendly interface, well recommended.. 👍🏻",5,positif,easy register user friendly interface well recommended,"['easy', 'register', 'user', 'friendly', 'interface', 'well', 'recommended']",9,7,0.4041666666666667,0.4041666666666667
1619c152-602e-4cf2-94a4-6a068047f072,bagus sekali,5,positif,bagus sekali,"['bagus', 'sekali']",2,2,0.0,0.0
70a4d167-0d5e-4c85-ae90-12564305836c,Bagus dan terus meningkat dalam fitur,5,positif,bagus terus tingkat dalam fitur,"['bagus', 'terus', 'tingkat', 'dalam', 'fitur']",6,5,0.0,0.0
b21f4c1d-5c70-4db3-b2c0-d0e7be7fe653,the best buat retail,5,positif,best buat retail,"['best', 'buat', 'retail']",4,3,1.0,1.0
814f023e-86c5-4db3-9015-742f13d487ea,Saya transaksi dibawah 10 juta tapi kena materai 10 ribu 2 kali,4,positif,transaksi bawah juta tapi kena materai ribu kali,"['transaksi', 'bawah', 'juta', 'tapi', 'kena', 'materai', 'ribu', 'kali']",12,8,0.0,0.0
03da316f-ebc1-47de-995c-1461dde6839d,"terimakasih sudah memberikan filter saham syariah juga, semoga berkah untuk PT. Stokbit",5,positif,terimakasih sudah beri filter saham syariah juga moga berkah pt stokbit,"['terimakasih', 'sudah', 'beri', 'filter', 'saham', 'syariah', 'juga', 'moga', 'berkah', 'pt', 'stokbit']",12,11,0.0,0.0
52bb681c-eb76-49a4-a0f6-3e628e4f1518,good apk,5,positif,good aplikasi,"['good', 'aplikasi']",2,2,0.7,0.7
7b2cda4e-6653-423d-8cc8-3aff07ef72c0,Excellent 👍,5,positif,excellent,['excellent'],2,1,1.0,1.0
2de5269e-2622-4ef4-9d5c-92be242f5146,"mudah digunakan, responsif, aman",5,positif,mudah guna responsif aman,"['mudah', 'guna', 'responsif', 'aman']",4,4,0.0,0.0
e6cee3af-e84f-4caa-a6b2-deb946e3acdc,bagus tapi sayang sekali tidak bisa menambahkan widget ke homescreen seperti di iphone,4,positif,bagus tapi sayang sekali tidak bisa tambah widget homescreen seperti iphone,"['bagus', 'tapi', 'sayang', 'sekali', 'tidak', 'bisa', 'tambah', 'widget', 'homescreen', 'seperti', 'iphone']",13,11,0.0,0.0
031ec29e-d310-4fe3-b664-43a664b56934,Nice app.. Semangattttt investasinya.. 🤗,5,positif,nice aplikasi semangattttt investasi,"['nice', 'aplikasi', 'semangattttt', 'investasi']",5,4,0.6,0.6
0a326038-3c02-4835-b049-7f4e135570b4,Top,5,positif,top,['top'],1,1,0.5,0.5
42e0d4d5-5633-40e6-8a1d-a720cd8c146e,good,5,positif,good,['good'],1,1,0.7,0.7
51807c44-6673-4b4b-8d08-4de0fb2c0fcd,kenapa stockbit tidak bisa menampilkan harga premarket atau post market?,5,positif,kenapa stockbit tidak bisa tampil harga premarket atau post market,"['kenapa', 'stockbit', 'tidak', 'bisa', 'tampil', 'harga', 'premarket', 'atau', 'post', 'market']",10,10,0.0,0.0
758c7dba-cd66-452d-b65d-982f9c06f225,Sekuritas terbaik 👍🏼,5,positif,sekuritas baik,"['sekuritas', 'baik']",3,2,0.0,0.0
1e8f6f17-c5a4-4ce1-9a8e-2d874a608bcc,The most powerful securities application in Indonesia 👍🏻👍🏻👍🏻👍🏻,5,positif,most powerful securities application indonesia,"['most', 'powerful', 'securities', 'application', 'indonesia']",8,5,0.4,0.4
fdf907d1-4536-4751-9012-bdd5196f8d8b,app saham terbaik yang pernah saya pakai,5,positif,aplikasi saham baik pernah pakai,"['aplikasi', 'saham', 'baik', 'pernah', 'pakai']",7,5,0.0,0.0
26789cb7-eb86-41eb-a53b-133d9ea0f0e9,"Dah bagus buat swing trading, invest. Tolong filter screener tetap hidup sebelum jam 8.50",5,positif,sudah bagus buat swing trading invest tolong filter screener tetap hidup belum jam,"['sudah', 'bagus', 'buat', 'swing', 'trading', 'invest', 'tolong', 'filter', 'screener', 'tetap', 'hidup', 'belum', 'jam']",14,13,0.0,0.0
01282aa1-4791-4493-ac33-a719a0151a7b,"rekomendasi untuk investasi saham! mudah digunakan, mudah dimengerti, simpel. tampilannya menarik, cocok untuk pemula dan yang sudah ahli berinvestasi √",5,positif,rekomendasi investasi saham mudah guna mudah erti simpel tampil tarik cocok mula sudah ahli investasi,"['rekomendasi', 'investasi', 'saham', 'mudah', 'guna', 'mudah', 'erti', 'simpel', 'tampil', 'tarik', 'cocok', 'mula', 'sudah', 'ahli', 'investasi']",20,15,0.0,0.0
4e74ecaa-e481-4e5f-987d-b7afb0147235,"bagus, joss, dan aku suka",5,positif,bagus joss suka,"['bagus', 'joss', 'suka']",5,3,0.0,0.0
a728e9a5-1e56-4762-9888-616ff30d96c1,Best apps for Indonesian stock so far,5,positif,best apps indonesian stock so far,"['best', 'apps', 'indonesian', 'stock', 'so', 'far']",7,6,0.55,0.55
64a3576d-7a67-488a-b9e5-33c1de97423a,not perfect . but very useful,5,positif,not perfect but very useful,"['not', 'perfect', 'but', 'very', 'useful']",6,5,-0.0549999999999999,-0.0549999999999999
d8c5f859-cb8e-459e-8ee4-02fb3c7e00da,Top Sekuritas..👍,5,positif,top sekuritas,"['top', 'sekuritas']",2,2,0.5,0.5
c0541558-92ff-4656-8906-2c7caba658f1,"the best stock trading app so far, two thumbs up",5,positif,best stock trading aplikasi so far two thumbs up,"['best', 'stock', 'trading', 'aplikasi', 'so', 'far', 'two', 'thumbs', 'up']",10,9,0.55,0.55
19174f23-abc0-4a7e-8d66-795ff527ae22,"Update Jan26. GOOD: Best intuitive interface, strong research, rich screeners, watchlist, good security. BAD: Downtimes still surprise you; P/L history before Apr 2022 gone; 15rb monthly ""data fee""; Stream: 1) no option to HIDE IT. 2) financial reports timeline is full of noises because XL sorts by last comment.",4,positif,update jan good best intuitive interface strong research rich screeners watchlist good security bad downtimes still surprise you pl history before apr gone rb monthly data fee stream no option hide it financial reports timeline full noises because xl sorts by last comment,"['update', 'jan', 'good', 'best', 'intuitive', 'interface', 'strong', 'research', 'rich', 'screeners', 'watchlist', 'good', 'security', 'bad', 'downtimes', 'still', 'surprise', 'you', 'pl', 'history', 'before', 'apr', 'gone', 'rb', 'monthly', 'data', 'fee', 'stream', 'no', 'option', 'hide', 'it', 'financial', 'reports', 'timeline', 'full', 'noises', 'because', 'xl', 'sorts', 'by', 'last', 'comment']",49,43,0.3175925925925926,0.3175925925925926
7910e9f9-a68c-46d0-a56b-e7f44bb2a83f,"Still the best retail broker with the most reliable mobile app in the Indonesian stock market. Desktop app on Mac is still a bit laggy, but I'm sure the dev team is working on making it even better.",5,positif,still best retail broker with most reliable mobile aplikasi indonesian stock market desktop aplikasi mac still a bit laggy but im sure dev team working making it even better,"['still', 'best', 'retail', 'broker', 'with', 'most', 'reliable', 'mobile', 'aplikasi', 'indonesian', 'stock', 'market', 'desktop', 'aplikasi', 'mac', 'still', 'a', 'bit', 'laggy', 'but', 'im', 'sure', 'dev', 'team', 'working', 'making', 'it', 'even', 'better']",38,29,0.625,0.625
4e634205-0519-4a54-990b-db6abd4928a8,good,5,positif,good,['good'],1,1,0.7,0.7
ddaf628e-e7d6-4551-a2b3-1564ee4d037c,"aplikasi bagus, smooth cm sayang ga support landscape mode di tablet, semoga dapat diperbaiki",4,positif,aplikasi bagus smooth cm sayang tidak support landscape mode tablet moga dapat baik,"['aplikasi', 'bagus', 'smooth', 'cm', 'sayang', 'tidak', 'support', 'landscape', 'mode', 'tablet', 'moga', 'dapat', 'baik']",14,13,0.4,0.4
8b16465c-1d9d-437e-b32c-c28d86d87731,"Ada 3 kekurangan Apps Stockbit untuk digunakan sehari² di HP: 1. Index IHSG bercampur dg emiten, cukup menyulitkan saat dilakukan Sortir. Seharusnya bisa di Pin paling atas atau ditampilkan terpisah di atas samping Simbol ""Stockbit"". 2. Tidak memiliki Widget utk pemantauan emiten pilihan instan atau portfolio di Homescreen HP. 3. CS lambat dlm merespon chat saat ada pertanyaan atau transfer saham. Selebihnya bagus, terutama integrasi dengan Bank Jago yg sangat memudahkan top up.",4,positif,ada kurang apps stockbit guna hari hp index ihsg campur dengan emiten cukup sulit saat laku sortir harus bisa pin paling atas atau tampil pisah atas samping simbol stockbit tidak milik widget pantau emiten pilih instan atau portfolio homescreen hp cs lambat dalam merespon chat saat ada tanya atau transfer saham lebih bagus utama integrasi dengan bank jago sangat mudah top up,"['ada', 'kurang', 'apps', 'stockbit', 'guna', 'hari', 'hp', 'index', 'ihsg', 'campur', 'dengan', 'emiten', 'cukup', 'sulit', 'saat', 'laku', 'sortir', 'harus', 'bisa', 'pin', 'paling', 'atas', 'atau', 'tampil', 'pisah', 'atas', 'samping', 'simbol', 'stockbit', 'tidak', 'milik', 'widget', 'pantau', 'emiten', 'pilih', 'instan', 'atau', 'portfolio', 'homescreen', 'hp', 'cs', 'lambat', 'dalam', 'merespon', 'chat', 'saat', 'ada', 'tanya', 'atau', 'transfer', 'saham', 'lebih', 'bagus', 'utama', 'integrasi', 'dengan', 'bank', 'jago', 'sangat', 'mudah', 'top', 'up']",73,62,0.5,0.5
636055f2-81f4-4735-88b5-df1fcab891fb,Lamaaa banget nunggu email masuk saat udah daftar,5,positif,lamaaa banget nunggu email masuk saat sudah daftar,"['lamaaa', 'banget', 'nunggu', 'email', 'masuk', 'saat', 'sudah', 'daftar']",8,8,0.0,0.0
2c67f6c8-3d48-4dd0-86ee-382f9acee0a5,No.1 Best App stock,5,positif,no best aplikasi stock,"['no', 'best', 'aplikasi', 'stock']",4,4,1.0,-0.5
6f03d68b-e286-4097-9853-d185278f2c0b,Sekuritas yang sangat bagus untuk investor pemula. Sangat membantu.,5,positif,sekuritas sangat bagus investor mula sangat bantu,"['sekuritas', 'sangat', 'bagus', 'investor', 'mula', 'sangat', 'bantu']",9,7,0.0,0.0
5cd5eb0f-99c3-4a97-ac9d-5e0ce4812f8e,lumayan ada perbaikan,5,positif,lumayan ada baik,"['lumayan', 'ada', 'baik']",3,3,0.0,0.0
0eb773fc-596e-42d2-925d-1924f4de7f6b,good,5,positif,good,['good'],1,1,0.7,0.7
afac802c-bafa-4cf4-b371-cd89e3600508,"Sebaiknya fitur Login via Google dihilangkan, karena bisa masuk aplikasi Stockbit tanpa menginput Password. Google sudah di-unlink, tetap bisa Login ke aplikasi tanpa Password melalui fitur Login via Google.",4,positif,baik fitur login via google hilang karena bisa masuk aplikasi stockbit tanpa menginput password google sudah diunlink tetap bisa login aplikasi tanpa password lalu fitur login via google,"['baik', 'fitur', 'login', 'via', 'google', 'hilang', 'karena', 'bisa', 'masuk', 'aplikasi', 'stockbit', 'tanpa', 'menginput', 'password', 'google', 'sudah', 'diunlink', 'tetap', 'bisa', 'login', 'aplikasi', 'tanpa', 'password', 'lalu', 'fitur', 'login', 'via', 'google']",29,28,0.0,0.0
4298da71-b487-450d-b642-71a978a01207,Simple,5,positif,simple,['simple'],1,1,0.0,0.0
e39ae3bd-9796-40c6-9ce9-1cdb45ad64aa,nice apps for trading saham,5,positif,nice apps trading saham,"['nice', 'apps', 'trading', 'saham']",5,4,0.6,0.6
df12ade1-2f31-4f26-ba42-8b905dcf2206,"Dengan semua fitur yg ada di Stockbit, saya yakin team terkait memiliki IQ diatas rata"". Saya sdh mencoba 6 sekuritas lain, tidak ada satupun yg mendekati Stockbit. Kudos !",5,positif,dengan semua fitur ada stockbit yakin team kait milik iq atas rata sudah coba sekuritas lain tidak ada satu dekat stockbit dos,"['dengan', 'semua', 'fitur', 'ada', 'stockbit', 'yakin', 'team', 'kait', 'milik', 'iq', 'atas', 'rata', 'sudah', 'coba', 'sekuritas', 'lain', 'tidak', 'ada', 'satu', 'dekat', 'stockbit', 'dos']",29,22,0.0,0.0
d0a6ee5e-fe94-4ca0-9f77-d225bf0b93a5,"Hi dev, please add sorting on the watchlist page",5,positif,hi dev please add sorting watchlist page,"['hi', 'dev', 'please', 'add', 'sorting', 'watchlist', 'page']",9,7,0.0,0.0
ea0b341d-9b71-4a8d-a56d-8f0dde6b0639,Good.,5,positif,good,['good'],1,1,0.7,0.7
5c8c84b6-bf36-4258-8a53-6e66b3a11ef0,mantap,5,positif,mantap,['mantap'],1,1,0.0,0.0
9eb16b91-a2c5-46d8-8d35-b67206f39253,"proses belajar jd mudah,tanxs",5,positif,proses ajar jd mudahtanxs,"['proses', 'ajar', 'jd', 'mudahtanxs']",4,4,0.0,0.0
43276e81-557d-4d06-8185-2f18f862a2f6,"untuk sementara bagus sebagai sekuritas, bisa tambahin fitur AI ?",5,positif,sementara bagus bagai sekuritas bisa tambahin fitur ai,"['sementara', 'bagus', 'bagai', 'sekuritas', 'bisa', 'tambahin', 'fitur', 'ai']",10,8,0.0,0.0
a2103385-b8e8-4792-82dd-716f81e4ded0,Aplikasi mudah digunakan. Tolong tambahkan fitur keamanan Authenticator.,5,positif,aplikasi mudah guna tolong tambah fitur aman authenticator,"['aplikasi', 'mudah', 'guna', 'tolong', 'tambah', 'fitur', 'aman', 'authenticator']",8,8,0.0,0.0
9d4f76ea-3bfb-444e-a0cc-b7f97577a13b,gacor,5,positif,gacor,['gacor'],1,1,0.0,0.0
cd03ac23-1db9-410e-86b7-d7cc0cc0b876,Tolong itu CS Debora Utami direvaluasi. Panduan transaksi nego dirubah se-enaknya sendiri terus. Sudah diganti tetap disalahkan. Endingnya terus tidak dibalas. Buta itu orang,1,negatif,tolong cs debora utami revaluasi pandu transaksi nego rubah enak sendiri terus sudah ganti tetap salah endingnya terus tidak balas buta orang,"['tolong', 'cs', 'debora', 'utami', 'revaluasi', 'pandu', 'transaksi', 'nego', 'rubah', 'enak', 'sendiri', 'terus', 'sudah', 'ganti', 'tetap', 'salah', 'endingnya', 'terus', 'tidak', 'balas', 'buta', 'orang']",24,22,0.0,0.0
c6fc70bb-c466-405a-8b71-efda8a92e633,"Apa mengaktifkan debugging itu kejahatan? Update terbaru app memblokir akses jika USB debugging aktif. Power user dipaksa pakai dua HP kalau gini ceritanya, ribet ....",1,negatif,apa aktif debugging jahat update baru aplikasi blokir akses jika usb debugging aktif power user paksa pakai dua hp kalau gin cerita ribet,"['apa', 'aktif', 'debugging', 'jahat', 'update', 'baru', 'aplikasi', 'blokir', 'akses', 'jika', 'usb', 'debugging', 'aktif', 'power', 'user', 'paksa', 'pakai', 'dua', 'hp', 'kalau', 'gin', 'cerita', 'ribet']",25,23,0.0,0.0
9a9aff94-9d31-4c9e-9fd6-8a4aaf1f339f,tidak bisa digunakan setelah update terakhir,1,negatif,tidak bisa guna telah update akhir,"['tidak', 'bisa', 'guna', 'telah', 'update', 'akhir']",6,6,0.0,0.0
f015deef-a2f8-40fc-af07-7c998127911f,dana t0 gak bs di ambil,1,negatif,dana t tidak bisa ambil,"['dana', 't', 'tidak', 'bisa', 'ambil']",6,5,0.0,0.0
bf126543-0100-4e12-aa04-e7ae93be5eb3,setelah diupdate makin ribet harus verifikasi email dam nomor hp dulu lalo mau login. saran saya kembalikan sistem yang dulu biar bisa langsung login.,1,negatif,telah diupdate makin ribet harus verifikasi email dam nomor hp dulu lalo mau login saran kembali sistem dulu biar bisa langsung login,"['telah', 'diupdate', 'makin', 'ribet', 'harus', 'verifikasi', 'email', 'dam', 'nomor', 'hp', 'dulu', 'lalo', 'mau', 'login', 'saran', 'kembali', 'sistem', 'dulu', 'biar', 'bisa', 'langsung', 'login']",24,22,0.0,0.0
6507040a-0e80-44af-8877-5c7e1957292c,penyelesaian masalah akun yang sudah di laporkan tidak kunjung selesai dan terus muncul dan sudah berbulan2 tidak selesai.,1,negatif,selesai masalah akun sudah lapor tidak kunjung selesai terus muncul sudah bulan tidak selesai,"['selesai', 'masalah', 'akun', 'sudah', 'lapor', 'tidak', 'kunjung', 'selesai', 'terus', 'muncul', 'sudah', 'bulan', 'tidak', 'selesai']",18,14,0.0,0.0
0c5a7dac-5b94-411b-bc78-caa727a530a0,cs is not helping and the answer needs to be decipher first before I can get the help I need. Trusted device choose to not trust my device that is the same as the main device and I can't fix it. dang,1,negatif,cs not helping and answer needs be decipher first before i can get help i need trusted device choose not trust my device same as main device and i cant fix it dang,"['cs', 'not', 'helping', 'and', 'answer', 'needs', 'be', 'decipher', 'first', 'before', 'i', 'can', 'get', 'help', 'i', 'need', 'trusted', 'device', 'choose', 'not', 'trust', 'my', 'device', 'same', 'as', 'main', 'device', 'and', 'i', 'cant', 'fix', 'it', 'dang']",42,33,0.1388888888888888,0.1388888888888888
863138a3-b894-4ea8-9fad-9621183783f2,"agak2 seram kalo nga ada kantornya, mau komunikasi sama bot or jawabnya bisa ginap 1 malam 2 malam, nga banget, gimana kalo bermasalah, bisu doang",2,negatif,agak seram kalau nga ada kantor mau komunikasi sama bot or jawab bisa gap malam malam nga banget bagaimana kalau masalah bisu doang,"['agak', 'seram', 'kalau', 'nga', 'ada', 'kantor', 'mau', 'komunikasi', 'sama', 'bot', 'or', 'jawab', 'bisa', 'gap', 'malam', 'malam', 'nga', 'banget', 'bagaimana', 'kalau', 'masalah', 'bisu', 'doang']",25,23,0.0,0.0
f1b62144-af55-4cf8-9f7e-3377f43ec2e5,buka chart ny lemot banget.,1,negatif,buka chart ny lot banget,"['buka', 'chart', 'ny', 'lot', 'banget']",5,5,0.0,0.0
0207e382-b504-4831-a2cd-de32982a24af,tidak bisa withdraw order di halaman fast order.,1,negatif,tidak bisa withdraw order halaman fast order,"['tidak', 'bisa', 'withdraw', 'order', 'halaman', 'fast', 'order']",8,7,0.2,0.2
2382e70c-4a39-4632-b3ab-d5ee994eac18,"ada kendala terkait penggantian nomor hp, tahap""nya sudah dilalui untuk pemrosesan berkas. sudah lengkap nih, sampe h+ 1 minggu tindak lanjut nya hanya disuruh nunggu. pelayanan tindak lanjut kendala benar"" lambat dan tidak ada koordinasi dari tim terkait. laporan sudah lengkap di awal minggu pertama oleh saya, jawaban tiap harinya ditanya dari tahapan awal berulang ulang. LAMBAT dan MENGECEWAKAN",1,negatif,ada kendala kait ganti nomor hp tahap sudah lalu pemrosesan berkas sudah lengkap sampai h minggu tindak lanjut nya hanya suruh nunggu layan tindak lanjut kendala benar lambat tidak ada koordinasi tim kait lapor sudah lengkap awal minggu pertama oleh jawab tiap hari tanya tahap awal ulang ulang lambat kecewa,"['ada', 'kendala', 'kait', 'ganti', 'nomor', 'hp', 'tahap', 'sudah', 'lalu', 'pemrosesan', 'berkas', 'sudah', 'lengkap', 'sampai', 'h', 'minggu', 'tindak', 'lanjut', 'nya', 'hanya', 'suruh', 'nunggu', 'layan', 'tindak', 'lanjut', 'kendala', 'benar', 'lambat', 'tidak', 'ada', 'koordinasi', 'tim', 'kait', 'lapor', 'sudah', 'lengkap', 'awal', 'minggu', 'pertama', 'oleh', 'jawab', 'tiap', 'hari', 'tanya', 'tahap', 'awal', 'ulang', 'ulang', 'lambat', 'kecewa']",59,50,0.0,0.0
cf8ef845-dd9e-4063-9bba-256b72821afe,tidak menjamin data pribadi aman,1,negatif,tidak jamin data pribadi aman,"['tidak', 'jamin', 'data', 'pribadi', 'aman']",5,5,0.0,0.0
1d222755-c028-49f4-84c7-6ba85c62a145,"bayangin ya, jual saham itu butuh 2 hari dana masuk ke RDN, lucunya lagi dari RDN ke rekening penerima butuh 2 hari lagi, jadi total dana masuk ke rekening 4 hari, baru tahu ada aturan gini, logikanya mau beda bank apa pun pakai sistem sekarang udah bisa transfer H+0",1,negatif,bayangin ya jual saham butuh hari dana masuk rdn lucu lagi rdn rekening terima butuh hari lagi jadi total dana masuk rekening hari baru tahu ada atur gin logika mau beda bank apa pun pakai sistem sekarang sudah bisa transfer h,"['bayangin', 'ya', 'jual', 'saham', 'butuh', 'hari', 'dana', 'masuk', 'rdn', 'lucu', 'lagi', 'rdn', 'rekening', 'terima', 'butuh', 'hari', 'lagi', 'jadi', 'total', 'dana', 'masuk', 'rekening', 'hari', 'baru', 'tahu', 'ada', 'atur', 'gin', 'logika', 'mau', 'beda', 'bank', 'apa', 'pun', 'pakai', 'sistem', 'sekarang', 'sudah', 'bisa', 'transfer', 'h']",49,41,0.0,0.0
8e8f8156-793b-4a29-a395-19564ad81142,dih kan gua pake device yang sama saat login. trus minta konfirmasi. posisi mau login. konfirmasi ga muncul. yang bikin front end logic nya ngga di test lagi. ngga professional...,1,negatif,dih kan gua pake device sama saat login terus minta konfirmasi posisi mau login konfirmasi tidak muncul bikin front end logic nya tidak test lagi tidak professional,"['dih', 'kan', 'gua', 'pake', 'device', 'sama', 'saat', 'login', 'terus', 'minta', 'konfirmasi', 'posisi', 'mau', 'login', 'konfirmasi', 'tidak', 'muncul', 'bikin', 'front', 'end', 'logic', 'nya', 'tidak', 'test', 'lagi', 'tidak', 'professional']",30,27,0.1,0.1
03a9f661-e920-4c9f-8ccb-168e32e6b995,"CS nya sangat lambat, pelayanan nya buruk, layanan pengaduan selalu di balas bot bagaimana masalah user bisa selesai kalo gitu, sekarang mau minta tutup akun RDN pun lambat seminggu belum ada balasan.",1,negatif,cs nya sangat lambat layan nya buruk layan adu selalu balas bot bagaimana masalah user bisa selesai kalau gitu sekarang mau minta tutup akun rdn pun lambat minggu belum ada balas,"['cs', 'nya', 'sangat', 'lambat', 'layan', 'nya', 'buruk', 'layan', 'adu', 'selalu', 'balas', 'bot', 'bagaimana', 'masalah', 'user', 'bisa', 'selesai', 'kalau', 'gitu', 'sekarang', 'mau', 'minta', 'tutup', 'akun', 'rdn', 'pun', 'lambat', 'minggu', 'belum', 'ada', 'balas']",32,31,0.0,0.0
32222816-ca3f-4ffe-93a4-c95aca84f6d0,stockbit di android jelek banget. enakan pakai iOS,2,negatif,stockbit android jelek banget enak pakai ios,"['stockbit', 'android', 'jelek', 'banget', 'enak', 'pakai', 'ios']",8,7,0.0,0.0
a99d0007-28c1-4e4b-bf8c-d7ebebd90311,"Parahh, verifikasi 2 step trusted device nya gk muncul, kita reinstall app nya",1,negatif,parahh verifikasi step trusted device nya tidak muncul kita reinstall aplikasi nya,"['parahh', 'verifikasi', 'step', 'trusted', 'device', 'nya', 'tidak', 'muncul', 'kita', 'reinstall', 'aplikasi', 'nya']",13,12,0.0,0.0
7732dc08-25a9-4b76-8150-256d581ef912,"tidak bisa login karena butuh otp no hp sedangkan no hp tidak bisa diganti. tidak bisa mengganti no hp sama sekali. customer service hanya memberi link cara penggantian no hp sedangkan di app android maupun ios tidak ada tulisan ""i lost my access to phone number"". Jadi ilang nomor telp = ilang account.",1,negatif,tidak bisa login karena butuh otp no hp sedang no hp tidak bisa ganti tidak bisa ganti no hp sama sekali customer service hanya beri link cara ganti no hp sedang aplikasi android maupun ios tidak ada tulis i lost my access phone number jadi ilang nomor telp ilang account,"['tidak', 'bisa', 'login', 'karena', 'butuh', 'otp', 'no', 'hp', 'sedang', 'no', 'hp', 'tidak', 'bisa', 'ganti', 'tidak', 'bisa', 'ganti', 'no', 'hp', 'sama', 'sekali', 'customer', 'service', 'hanya', 'beri', 'link', 'cara', 'ganti', 'no', 'hp', 'sedang', 'aplikasi', 'android', 'maupun', 'ios', 'tidak', 'ada', 'tulis', 'i', 'lost', 'my', 'access', 'phone', 'number', 'jadi', 'ilang', 'nomor', 'telp', 'ilang', 'account']",53,50,0.0,0.0
2d2a5bd8-dd34-43b7-9f6d-0034a671a04a,thanks for everything :'),1,negatif,thanks everything,"['thanks', 'everything']",4,2,0.2,0.2
2b6e5568-1b40-4da1-9297-aa72528f5d82,Aplikasi sangat jelek.,1,negatif,aplikasi sangat jelek,"['aplikasi', 'sangat', 'jelek']",3,3,0.0,0.0
f386bcca-9754-4b0f-9ac4-fdf84494e518,Apaan verifikasi 3 hari kerja. Uda 3 minggu juga masi stuck. Bye~,1,negatif,apa verifikasi hari kerja uda minggu juga mas stuck bye,"['apa', 'verifikasi', 'hari', 'kerja', 'uda', 'minggu', 'juga', 'mas', 'stuck', 'bye']",12,10,0.0,0.0
4e66c6e9-ada6-4ae7-86d3-88173bdb4569,manipulasi market,2,negatif,manipulasi market,"['manipulasi', 'market']",2,2,0.0,0.0
ac76ecf3-1b02-4921-afd9-85a2b9f8c4aa,depo lelet. jadi hilang moment. parah,1,negatif,depo lelet jadi hilang moment parah,"['depo', 'lelet', 'jadi', 'hilang', 'moment', 'parah']",6,6,0.0,0.0
51d9a164-b000-4488-bced-0ae7839bdceb,deposit rdn very sloww. poor app,1,negatif,deposit rdn very sloww poor aplikasi,"['deposit', 'rdn', 'very', 'sloww', 'poor', 'aplikasi']",6,6,-0.1,-0.1
878f730f-4f4e-4f9d-ae61-19a6bc8ec916,Deposit delay masuk berjam-jam sampai saat ini belum masuk juga,1,negatif,deposit delay masuk berjamjam sampai saat belum masuk juga,"['deposit', 'delay', 'masuk', 'berjamjam', 'sampai', 'saat', 'belum', 'masuk', 'juga']",10,9,0.0,0.0
37c63893-64f8-4be9-b4f5-7239d0e9e4e8,"apa ini, saya coba top up rdn lumayan besar nominalnya, malah ga masuk masuk sampe skrng, buat kalian hati hati aja sama ini aplikasi",1,negatif,apa coba top up rdn lumayan besar nominal malah tidak masuk masuk sampai skrng buat kalian hati hati saja sama aplikasi,"['apa', 'coba', 'top', 'up', 'rdn', 'lumayan', 'besar', 'nominal', 'malah', 'tidak', 'masuk', 'masuk', 'sampai', 'skrng', 'buat', 'kalian', 'hati', 'hati', 'saja', 'sama', 'aplikasi']",24,21,0.5,0.5
39ea0613-8f5d-4b6e-a4f8-42855225bcd6,Delay top up sampe berjam jam? konyol.,1,negatif,delay top up sampai jam jam konyol,"['delay', 'top', 'up', 'sampai', 'jam', 'jam', 'konyol']",7,7,0.5,0.5
4e5cbe60-8b4b-4488-ab07-76da8dddbc23,"CS sangat lama dalam merespon permasalahan. Top up rdn sudah lebih dari 4 jam tapi gaada penyelesaian sama sekali dan cs tidak merespon permasalahan, waktu terbuang sudah 1 sesi jadi gabisa transaksi saham gara-gara rdn nyangkut di stockbit.",1,negatif,cs sangat lama dalam merespon masalah top up rdn sudah lebih jam tapi gaada selesai sama sekali cs tidak merespon masalah waktu buang sudah sesi jadi gabisa transaksi saham garagara rdn nyangkut stockbit,"['cs', 'sangat', 'lama', 'dalam', 'merespon', 'masalah', 'top', 'up', 'rdn', 'sudah', 'lebih', 'jam', 'tapi', 'gaada', 'selesai', 'sama', 'sekali', 'cs', 'tidak', 'merespon', 'masalah', 'waktu', 'buang', 'sudah', 'sesi', 'jadi', 'gabisa', 'transaksi', 'saham', 'garagara', 'rdn', 'nyangkut', 'stockbit']",38,33,0.5,0.5
1002fb26-95a9-4d36-be49-82e05123e96b,parah CS nya bisu ...depo duit sy,1,negatif,parah cs nya bisu depo duit,"['parah', 'cs', 'nya', 'bisu', 'depo', 'duit']",7,6,0.0,0.0
3db9f63b-9d80-4938-b519-9247f848b01c,sering down servernyaa,1,negatif,sering down servernyaa,"['sering', 'down', 'servernyaa']",3,3,-0.1555555555555555,-0.1555555555555555
aaf1dbff-a843-4ffd-b735-6cf84b1b0422,"udah verif nya lamaaa, udah pesen masih ada di kotak order gajelas banget nih apk, baru kali ini trading di aplikasi yg gblg",1,negatif,sudah verif nya lamaaa sudah sen masih ada kotak order gajelas banget aplikasi baru kali trading aplikasi gblg,"['sudah', 'verif', 'nya', 'lamaaa', 'sudah', 'sen', 'masih', 'ada', 'kotak', 'order', 'gajelas', 'banget', 'aplikasi', 'baru', 'kali', 'trading', 'aplikasi', 'gblg']",23,18,0.0,0.0
e40f51d5-7305-4a5d-9879-b6efc23fc6b6,akun bisa hilang tiba2,1,negatif,akun bisa hilang tiba,"['akun', 'bisa', 'hilang', 'tiba']",4,4,0.0,0.0
5e5d44c1-d0ee-4cc5-a2b1-d933ea31db1d,"saya sudah berminggu-minggu gagal dalam verifikasi, sepertinya antar operator tidak ada komunikasi yang baik. parah.",1,negatif,sudah bermingguminggu gagal dalam verifikasi seperti antar operator tidak ada komunikasi baik parah,"['sudah', 'bermingguminggu', 'gagal', 'dalam', 'verifikasi', 'seperti', 'antar', 'operator', 'tidak', 'ada', 'komunikasi', 'baik', 'parah']",15,13,0.0,0.0
6880cd5b-304c-4e68-853d-024bfca19600,"Tidak bisa withdraw, agak aneh stockbit sekarang!",1,negatif,tidak bisa withdraw agak aneh stockbit sekarang,"['tidak', 'bisa', 'withdraw', 'agak', 'aneh', 'stockbit', 'sekarang']",7,7,0.0,0.0
8d41b68a-bc91-418b-ab1e-b7f468327516,"lama sekali proses pendaftaran, sudah nunggu 1 minggu masih juga belom dibuatkan rdn.",1,negatif,lama sekali proses daftar sudah nunggu minggu masih juga bom buat rdn,"['lama', 'sekali', 'proses', 'daftar', 'sudah', 'nunggu', 'minggu', 'masih', 'juga', 'bom', 'buat', 'rdn']",13,12,0.0,0.0
1d2bb619-5e75-44fc-a56d-546e90ca4c4c,"sudah install dan mau registrasi. verifikasi gagal, minta rekening bank jago, justru pilihannya untuk buka rekening bank jago, status gagal nya malah minta input nomor rekening. sudah ke chat room untuk pengaduan, yang balas Bot terus. aneh",1,negatif,sudah install mau registrasi verifikasi gagal minta rekening bank jago justru pilih buka rekening bank jago status gagal nya malah minta input nomor rekening sudah chat room adu balas bot terus aneh,"['sudah', 'install', 'mau', 'registrasi', 'verifikasi', 'gagal', 'minta', 'rekening', 'bank', 'jago', 'justru', 'pilih', 'buka', 'rekening', 'bank', 'jago', 'status', 'gagal', 'nya', 'malah', 'minta', 'input', 'nomor', 'rekening', 'sudah', 'chat', 'room', 'adu', 'balas', 'bot', 'terus', 'aneh']",37,32,0.0,0.0
726c67f4-8aba-4348-bb87-7a84646c525d,"While the platform itself offers an excellent suite of tools for retail traders, the administrative support is severely lacking. I have been muted for 30 days with zero feedback on my multiple appeals. Furthermore, customer service interactions feel scripted and dismissive, offering rhetorical answers rather than solutions. Great technology cannot compensate for poor user support; consequently, I am reducing my usage and moving my portfolio elsewhere.",1,negatif,while platform itself offers an excellent suite tools retail traders administrative support severely lacking i have been muted days with zero feedback my multiple appeals furthermore customer service interactions feel scripted and dismissive offering rhetorical answers rather than solutions great technology can not compensate poor user support consequently i reducing my usage and moving my portfolio elsewhere,"['while', 'platform', 'itself', 'offers', 'an', 'excellent', 'suite', 'tools', 'retail', 'traders', 'administrative', 'support', 'severely', 'lacking', 'i', 'have', 'been', 'muted', 'days', 'with', 'zero', 'feedback', 'my', 'multiple', 'appeals', 'furthermore', 'customer', 'service', 'interactions', 'feel', 'scripted', 'and', 'dismissive', 'offering', 'rhetorical', 'answers', 'rather', 'than', 'solutions', 'great', 'technology', 'can', 'not', 'compensate', 'poor', 'user', 'support', 'consequently', 'i', 'reducing', 'my', 'usage', 'and', 'moving', 'my', 'portfolio', 'elsewhere']",66,57,0.3,0.3
e6b95131-bfea-4cfb-a9d1-f4ae2759b177,"lama banget verifikasinya, udh lewat semingguan lebih",2,negatif,lama banget verifikasi sudah lewat minggu lebih,"['lama', 'banget', 'verifikasi', 'sudah', 'lewat', 'minggu', 'lebih']",7,7,0.0,0.0
cfc0c240-ba40-432f-bb21-a141a2813b66,saat trading malah ga bs dibuka appsnya 🤦‍♂️,1,negatif,saat trading malah tidak bisa buka appsnya,"['saat', 'trading', 'malah', 'tidak', 'bisa', 'buka', 'appsnya']",8,7,0.0,0.0
72507fe6-656e-4130-abdb-3a84f80431e4,Aneh banget aplikasinya. Orang mau cancel sell order aja gak bisa. Status nyangkut OPEN. Amend harga baru REJECTED. Sekarang gak bisa dijual sampe harga emitennya udah turun ancur. Untung masih pake virtual trading. Gak kebayang kerugiannya gimana kalo pake uang asli.,1,negatif,aneh banget aplikasi orang mau cancel sell order saja tidak bisa status nyangkut open amend harga baru rejected sekarang tidak bisa jual sampai harga emiten sudah turun ancur untung masih pake virtual trading tidak bayang rugi bagaimana kalau pake uang asli,"['aneh', 'banget', 'aplikasi', 'orang', 'mau', 'cancel', 'sell', 'order', 'saja', 'tidak', 'bisa', 'status', 'nyangkut', 'open', 'amend', 'harga', 'baru', 'rejected', 'sekarang', 'tidak', 'bisa', 'jual', 'sampai', 'harga', 'emiten', 'sudah', 'turun', 'ancur', 'untung', 'masih', 'pake', 'virtual', 'trading', 'tidak', 'bayang', 'rugi', 'bagaimana', 'kalau', 'pake', 'uang', 'asli']",41,41,0.0,0.0
8d85e9f3-2565-4c7b-9676-875507dbd54d,"Chat Support tidak solutif, balesnya lama banget, parah banget ditunggu, dibales berhari2, itupun jawabannya ngawur, ditanya apa, dijawab apa apakah ada cara agar SDM dibidang Cust service dinaikkan minimal bisa baca pertanyaan kita dengan baik, bukan asal jawab tapi ngawur 100% sangat kecewa dengan chat support, baik via app maupun WA, jawabannya sama, copas doang, sama2 ngawur kecewa sekali lalu dijawab barusan by email, jika ada apa2, chat support aja lah ini jelas2 masalah disana",1,negatif,chat support tidak solutif balesnya lama banget parah banget tunggu dibales hari itu jawab ngawur tanya apa jawab apa apakah ada cara agar sdm bidang cust service naik minimal bisa baca tanya kita dengan baik bukan asal jawab tapi ngawur sangat kecewa dengan chat support baik via aplikasi maupun wa jawab sama copas doang sama ngawur kecewa sekali lalu jawab barusan by email jika ada apa chat support saja lah jelas masalah sana,"['chat', 'support', 'tidak', 'solutif', 'balesnya', 'lama', 'banget', 'parah', 'banget', 'tunggu', 'dibales', 'hari', 'itu', 'jawab', 'ngawur', 'tanya', 'apa', 'jawab', 'apa', 'apakah', 'ada', 'cara', 'agar', 'sdm', 'bidang', 'cust', 'service', 'naik', 'minimal', 'bisa', 'baca', 'tanya', 'kita', 'dengan', 'baik', 'bukan', 'asal', 'jawab', 'tapi', 'ngawur', 'sangat', 'kecewa', 'dengan', 'chat', 'support', 'baik', 'via', 'aplikasi', 'maupun', 'wa', 'jawab', 'sama', 'copas', 'doang', 'sama', 'ngawur', 'kecewa', 'sekali', 'lalu', 'jawab', 'barusan', 'by', 'email', 'jika', 'ada', 'apa', 'chat', 'support', 'saja', 'lah', 'jelas', 'masalah', 'sana']",75,73,-0.1,-0.1
6c4bcade-9e41-48a3-b463-45318e3b9f9c,udah seminggu lebih verivikasi akun saya GK di approve-approve.,1,negatif,sudah minggu lebih verivikasi akun tidak approveapprove,"['sudah', 'minggu', 'lebih', 'verivikasi', 'akun', 'tidak', 'approveapprove']",9,7,0.0,0.0
212dde28-eb15-4af9-a14d-b83c22664b98,payah. tidak bisa registrasi. sulit untuk masuk.,1,negatif,payah tidak bisa registrasi sulit masuk,"['payah', 'tidak', 'bisa', 'registrasi', 'sulit', 'masuk']",7,6,0.0,0.0
f6ca1124-4aa5-4474-bb98-0a426fa5961d,terlalu lama verifikasi nya,1,negatif,terlalu lama verifikasi nya,"['terlalu', 'lama', 'verifikasi', 'nya']",4,4,0.0,0.0
3c51c93e-a1f8-4439-949a-c8de0cbb39ec,"prosedurnya lamaaaaaaa dan bertele tele, tipikal birokrasi di Indonesia",1,negatif,prosedur lamaaaaaaa tele tele tipikal birokrasi indonesia,"['prosedur', 'lamaaaaaaa', 'tele', 'tele', 'tipikal', 'birokrasi', 'indonesia']",9,7,0.0,0.0
32fa29ca-90eb-44b3-8810-99842d6aa167,rumit bisa dobol,1,negatif,rumit bisa dobol,"['rumit', 'bisa', 'dobol']",3,3,0.0,0.0
313f0197-03a9-41a8-a8c3-7d1911e6b4eb,"aplikasi jelek susah regis, uninstall",1,negatif,aplikasi jelek susah regis uninstall,"['aplikasi', 'jelek', 'susah', 'regis', 'uninstall']",5,5,0.0,0.0
b66a4ff5-738b-4cf6-84e1-5a647e0c41e4,proses verifikasi lama. sangat lama pada jam kerja. please do something about it if you care.,1,negatif,proses verifikasi lama sangat lama pada jam kerja please do something about it if you care,"['proses', 'verifikasi', 'lama', 'sangat', 'lama', 'pada', 'jam', 'kerja', 'please', 'do', 'something', 'about', 'it', 'if', 'you', 'care']",16,16,0.0,0.0
337329c3-347b-4189-b8a0-a1b2cfdf63ca,akun saya dibekukan karena perbedaan data. mau melakukan pengkinian data dibuat ribet. proses lama sebulan ga selesai,1,negatif,akun beku karena beda data mau laku kini data buat ribet proses lama bulan tidak selesai,"['akun', 'beku', 'karena', 'beda', 'data', 'mau', 'laku', 'kini', 'data', 'buat', 'ribet', 'proses', 'lama', 'bulan', 'tidak', 'selesai']",17,16,0.0,0.0
e27fea85-2464-4677-9b21-1755be3e827a,pelayanan lama. untuk merubah data aja dibuat ribet. butuh waktu berminggu minggu,1,negatif,layan lama rubah data saja buat ribet butuh waktu minggu minggu,"['layan', 'lama', 'rubah', 'data', 'saja', 'buat', 'ribet', 'butuh', 'waktu', 'minggu', 'minggu']",12,11,0.0,0.0
e582d055-7c2c-4ad9-879f-d4a15ff1bfb8,"Aneh banget anjir, yang mau trading siapa yang di isi biodata siapa, ini perorangan kalau mau trading kenapa bawa bawa data orang tua? Trading Crypto gak seribet ini, mau real trade/verif aja harus pake jago, bca etc. mending aplikasi ijo",1,negatif,aneh banget anjir mau trading siapa isi biodata siapa orang kalau mau trading kenapa bawa bawa data orang tua trading crypto tidak seribet mau real tradeverif saja harus pake jago bca etc mending aplikasi ijo,"['aneh', 'banget', 'anjir', 'mau', 'trading', 'siapa', 'isi', 'biodata', 'siapa', 'orang', 'kalau', 'mau', 'trading', 'kenapa', 'bawa', 'bawa', 'data', 'orang', 'tua', 'trading', 'crypto', 'tidak', 'seribet', 'mau', 'real', 'tradeverif', 'saja', 'harus', 'pake', 'jago', 'bca', 'etc', 'mending', 'aplikasi', 'ijo']",40,35,0.2,0.2
31ccef76-36dd-40c8-9172-1e9698b50a9b,males udah gak bisa komen,1,negatif,males sudah tidak bisa komen,"['males', 'sudah', 'tidak', 'bisa', 'komen']",5,5,0.0,0.0
49ec41c2-6f81-4431-8013-f7d19db92831,"bad apps and service, very bad service",1,negatif,bad apps and service very bad service,"['bad', 'apps', 'and', 'service', 'very', 'bad', 'service']",7,7,-0.8049999999999998,-0.8049999999999998
4e84feab-6da3-45e5-9393-b1d01e396232,"Hari ini stockbit ngeluarin informasi bahwa status stop loss, trailing stop harus di refresh MANUAL di jam 09.00 - 12.00 Itu sama aja kaya nyuruh kita pantengin terus sementara SL dan TS yang kita pasang kan untuk mempermudah kita ketika tidak bisa mantau market. INI ARTINYA TEAM DEVELOPER LO GA BISA BIKIN AUTOREFRESH YANG MUMPUNI...!!! ZAMAN DIGITAL DISURUH BALIK KE ZAMAN BATU",1,negatif,hari stockbit ngeluarin informasi bahwa status stop loss trailing stop harus refresh manual jam sama saja kaya nyuruh kita pantengin terus sementara sl ts kita pasang kan mudah kita ketika tidak bisa mantau market arti team developer kamu tidak bisa bikin autorefresh mumpuni zaman digital suruh balik zaman batu,"['hari', 'stockbit', 'ngeluarin', 'informasi', 'bahwa', 'status', 'stop', 'loss', 'trailing', 'stop', 'harus', 'refresh', 'manual', 'jam', 'sama', 'saja', 'kaya', 'nyuruh', 'kita', 'pantengin', 'terus', 'sementara', 'sl', 'ts', 'kita', 'pasang', 'kan', 'mudah', 'kita', 'ketika', 'tidak', 'bisa', 'mantau', 'market', 'arti', 'team', 'developer', 'kamu', 'tidak', 'bisa', 'bikin', 'autorefresh', 'mumpuni', 'zaman', 'digital', 'suruh', 'balik', 'zaman', 'batu']",62,49,0.0,0.0
03f8dd5b-3a7c-40c1-8222-de3c5a926f88,Respon Customer service nya SANGAT LAMBAT,2,negatif,respon customer service nya sangat lambat,"['respon', 'customer', 'service', 'nya', 'sangat', 'lambat']",6,6,0.0,0.0
dfd0c5e4-0f50-468f-bf46-2e2d77339f18,"your app so slow when the market just openned fast order my a$$ (desktop) i supposed to put 1 order but accidently put 5 orders because when i put my order nothing happen (then i keep re-click but still nothing happen), so i check my mobile stockbit 5 orders matched, damn fix this",1,negatif,your aplikasi so slow when market just openned fast order my a desktop i supposed put order but accidently put orders because when i put my order nothing happen then i keep reclick but still nothing happen so i check my mobile stockbit orders matched damn fix,"['your', 'aplikasi', 'so', 'slow', 'when', 'market', 'just', 'openned', 'fast', 'order', 'my', 'a', 'desktop', 'i', 'supposed', 'put', 'order', 'but', 'accidently', 'put', 'orders', 'because', 'when', 'i', 'put', 'my', 'order', 'nothing', 'happen', 'then', 'i', 'keep', 'reclick', 'but', 'still', 'nothing', 'happen', 'so', 'i', 'check', 'my', 'mobile', 'stockbit', 'orders', 'matched', 'damn', 'fix']",53,47,-0.05,-0.05
01068dec-95be-49ba-aa93-205e9b682e5c,aplikasi sampah,1,negatif,aplikasi sampah,"['aplikasi', 'sampah']",2,2,0.0,0.0
5f2326ef-19d6-44e8-99c3-c522d28a3c76,"pelayanan customer service nya sangat parah sekali, chatnya dibalas di kemudian hari, padahal saya contact di hari dan jam kerja.",1,negatif,layan customer service nya sangat parah sekali chatnya balas kemudian hari padahal contact hari jam kerja,"['layan', 'customer', 'service', 'nya', 'sangat', 'parah', 'sekali', 'chatnya', 'balas', 'kemudian', 'hari', 'padahal', 'contact', 'hari', 'jam', 'kerja']",20,16,0.0,0.0
35085cdf-b3b6-4bc4-ba7e-34c47efb0a26,"Minta reset/hapus acc dan no HP aja 2 minggu ga beres-beres, itu CS udh di training dulu blm sih, kalau ga bisa bilang dong biar pake sekuritas lain 🤮",1,negatif,minta resethapus acc no hp saja minggu tidak beresberes cs sudah training dulu belum sih kalau tidak bisa bilang dong biar pake sekuritas lain,"['minta', 'resethapus', 'acc', 'no', 'hp', 'saja', 'minggu', 'tidak', 'beresberes', 'cs', 'sudah', 'training', 'dulu', 'belum', 'sih', 'kalau', 'tidak', 'bisa', 'bilang', 'dong', 'biar', 'pake', 'sekuritas', 'lain']",29,24,0.0,0.0
158575da-7939-4563-934c-ed44f1444300,akhir2 ini banyak pemeliharaan di jam kritikal. saran saya pemeliharaan di lakukan di dini hari. masa ini sampe jam 7:30PM blm bisa di akses,1,negatif,akhir banyak pelihara jam kritikal saran pelihara laku dini hari masa sampai jam pm belum bisa akses,"['akhir', 'banyak', 'pelihara', 'jam', 'kritikal', 'saran', 'pelihara', 'laku', 'dini', 'hari', 'masa', 'sampai', 'jam', 'pm', 'belum', 'bisa', 'akses']",24,17,0.0,0.0
3315e6fb-0885-4b7b-8dd1-6293c740702b,"csnya buruk lemot, ati2 aja klo ad masalah bisa pusing lama bales",1,negatif,csnya buruk lot ati saja kalau ad masalah bisa pusing lama bales,"['csnya', 'buruk', 'lot', 'ati', 'saja', 'kalau', 'ad', 'masalah', 'bisa', 'pusing', 'lama', 'bales']",12,12,0.0,0.0
934f78f5-07d7-4ed2-9fe0-61231f182332,"Aplikasi UI bagus, komunitas yg mendukung dan saling bertukar pikiran, dan memiliki analisis lengkap baik teknikal, fundamental, financial report, hingga Insider. Tapi satu hal yang saya tidak sukai dan bikin kecewa serta Produktivitas menurun parah: ""MAINTENANCE"" tiap tengah malam, berhubungan saya sering Begadang saham usai pagi - malam bekerja. 😠😠",2,negatif,aplikasi ui bagus komunitas dukung saling tukar pikir milik analisis lengkap baik teknikal fundamental financial report hingga insider tapi satu hal tidak suka bikin kecewa serta produktivitas turun parah maintenance tiap tengah malam hubung sering begadang saham usai pagi malam kerja,"['aplikasi', 'ui', 'bagus', 'komunitas', 'dukung', 'saling', 'tukar', 'pikir', 'milik', 'analisis', 'lengkap', 'baik', 'teknikal', 'fundamental', 'financial', 'report', 'hingga', 'insider', 'tapi', 'satu', 'hal', 'tidak', 'suka', 'bikin', 'kecewa', 'serta', 'produktivitas', 'turun', 'parah', 'maintenance', 'tiap', 'tengah', 'malam', 'hubung', 'sering', 'begadang', 'saham', 'usai', 'pagi', 'malam', 'kerja']",50,41,0.0,0.0
217f3b35-c8a8-4193-8fe0-15ceb16e7a55,fitur live chat. seperti chat dengan bot. di minta seperti apa di jawab seperti apa. bukan di jawab yg bener nya lanjutin jawaban sb. ya cs loe gk balas dengan proper mau bicara sama siapa??? gila aja,1,negatif,fitur live chat seperti chat dengan bot minta seperti apa jawab seperti apa bukan jawab bener nya lanjutin jawab sb ya cs loe tidak balas dengan proper mau bicara sama siapa gila saja,"['fitur', 'live', 'chat', 'seperti', 'chat', 'dengan', 'bot', 'minta', 'seperti', 'apa', 'jawab', 'seperti', 'apa', 'bukan', 'jawab', 'bener', 'nya', 'lanjutin', 'jawab', 'sb', 'ya', 'cs', 'loe', 'tidak', 'balas', 'dengan', 'proper', 'mau', 'bicara', 'sama', 'siapa', 'gila', 'saja']",37,33,0.0681818181818181,0.0681818181818181
09645925-d8d0-4ca7-8f6b-0842afc5e6fe,"parah banget customer service kalau dihubungi, sampai 7 jam gak dibalas balas. Gua mau masuk akun, tapi gak bisa karena verifikasi no WA yang udah hilang, dibalas pun solusinya tidak sesuai",1,negatif,parah banget customer service kalau hubung sampai jam tidak balas balas gua mau masuk akun tapi tidak bisa karena verifikasi no wa sudah hilang balas pun solusi tidak sesuai,"['parah', 'banget', 'customer', 'service', 'kalau', 'hubung', 'sampai', 'jam', 'tidak', 'balas', 'balas', 'gua', 'mau', 'masuk', 'akun', 'tapi', 'tidak', 'bisa', 'karena', 'verifikasi', 'no', 'wa', 'sudah', 'hilang', 'balas', 'pun', 'solusi', 'tidak', 'sesuai']",31,29,0.0,0.0
d48d5118-1df7-4a0e-9c89-808b04e94c68,SAMPAAH‼️ WD NYA SUKA BERMASALAH‼️ SUDAH NUNGGU 3 HARI KERJA MALAH SERING GAK BISA DI WD‼️ PADAHAL DANA WD DI RDN SUDAH MASUK TAPI HANYA PAJANGAN‼️PERTIMBANGKAN LG DEH KALO MAU BUKA ACC DI SB‼️ CS NYA PARAAAAH GAK ADA RESPON SAMA SEKALI‼️,1,negatif,sampaah wd nya suka masalah sudah nunggu hari kerja malah sering tidak bisa wd padahal dana wd rdn sudah masuk tapi hanya pajang timbang lagi deh kalau mau buka acc sb cs nya paraaaah tidak ada respon sama sekali,"['sampaah', 'wd', 'nya', 'suka', 'masalah', 'sudah', 'nunggu', 'hari', 'kerja', 'malah', 'sering', 'tidak', 'bisa', 'wd', 'padahal', 'dana', 'wd', 'rdn', 'sudah', 'masuk', 'tapi', 'hanya', 'pajang', 'timbang', 'lagi', 'deh', 'kalau', 'mau', 'buka', 'acc', 'sb', 'cs', 'nya', 'paraaaah', 'tidak', 'ada', 'respon', 'sama', 'sekali']",42,39,0.0,0.0
47ad43e5-652e-44f8-b01f-572a9408e99d,sekuritas yg suka nahan dana nasabah. hati2 ke depannya dana anda bisa saja ditilep,1,negatif,sekuritas suka nahan dana nasabah hati depan dana anda bisa saja ditilep,"['sekuritas', 'suka', 'nahan', 'dana', 'nasabah', 'hati', 'depan', 'dana', 'anda', 'bisa', 'saja', 'ditilep']",14,12,0.0,0.0
c599caf1-4888-454b-bed5-cb149df0debc,"fitur live support dihapus aja, nggak guna",2,negatif,fitur live support hapus saja tidak guna,"['fitur', 'live', 'support', 'hapus', 'saja', 'tidak', 'guna']",7,7,0.1363636363636363,0.1363636363636363
f048d2c4-5211-4a47-9686-745b922d152a,"deposit tidak real-time, harus tunggu jam bursa, style deposit broker kampung. qris sudah mendunia, deposit masih laq. entah kalo withdraw akan seperti apa.",1,negatif,deposit tidak realtime harus tunggu jam bursa style deposit broker kampung qris sudah dunia deposit masih laq entah kalau withdraw akan seperti apa,"['deposit', 'tidak', 'realtime', 'harus', 'tunggu', 'jam', 'bursa', 'style', 'deposit', 'broker', 'kampung', 'qris', 'sudah', 'dunia', 'deposit', 'masih', 'laq', 'entah', 'kalau', 'withdraw', 'akan', 'seperti', 'apa']",23,23,0.0,0.0
993823d3-a84c-431a-8160-ab810aecc86f,"seminggu belum juga di verifikasi datanya, dan stuck di akun virtual. ingin mengajukan hapus akun tidak bisa.",1,negatif,minggu belum juga verifikasi data stuck akun virtual ingin aju hapus akun tidak bisa,"['minggu', 'belum', 'juga', 'verifikasi', 'data', 'stuck', 'akun', 'virtual', 'ingin', 'aju', 'hapus', 'akun', 'tidak', 'bisa']",17,14,0.0,0.0
651daf7e-bebc-430c-891c-b20844d9bd39,"The Customer Service team responded after approximately 20 hours for each message, and even then the replies were vague, inconsistent with the actual issue, and quite confusing. The application also occasionally encounters bugs, such as certain screens failing to load or unexpected errors appearing.",1,negatif,customer service team responded after approximately hours each message and even then replies were vague inconsistent with actual issue and quite confusing application also occasionally encounters bugs such as certain screens failing load or unexpected errors appearing,"['customer', 'service', 'team', 'responded', 'after', 'approximately', 'hours', 'each', 'message', 'and', 'even', 'then', 'replies', 'were', 'vague', 'inconsistent', 'with', 'actual', 'issue', 'and', 'quite', 'confusing', 'application', 'also', 'occasionally', 'encounters', 'bugs', 'such', 'as', 'certain', 'screens', 'failing', 'load', 'or', 'unexpected', 'errors', 'appearing']",44,37,-0.1107142857142857,-0.1107142857142857
a848d073-79fd-464b-8af4-f598aa335876,"applikasi seperti ini tapi keamanannya diragukan, saat melakukan jual beli ada bbrp x kekick dan tidak masuk lalu akun kita seakan2 kosong. mulai nencurigakan keamanan dan perlindungannya",1,negatif,applikasi seperti tapi aman ragu saat laku jual beli ada bbrp x kekick tidak masuk lalu akun kita akan kosong mulai nencurigakan aman lindung,"['applikasi', 'seperti', 'tapi', 'aman', 'ragu', 'saat', 'laku', 'jual', 'beli', 'ada', 'bbrp', 'x', 'kekick', 'tidak', 'masuk', 'lalu', 'akun', 'kita', 'akan', 'kosong', 'mulai', 'nencurigakan', 'aman', 'lindung']",27,24,0.0,0.0
212b345f-b8da-43e7-9678-0845fc4ceab6,"tgl 5 des 2025 jam 15.49 mnjelang closing mlah server down, tlong ya dinalar opening & closing jam crucial 🙄",1,negatif,tgl des jam mnjelang closing mlah server down tlong ya nalar opening closing jam crucial,"['tgl', 'des', 'jam', 'mnjelang', 'closing', 'mlah', 'server', 'down', 'tlong', 'ya', 'nalar', 'opening', 'closing', 'jam', 'crucial']",20,15,-0.0777777777777777,-0.0777777777777777
c2229200-97f4-4293-89c0-1e70fc40fc4a,selalu error Dan error,1,negatif,selalu error error,"['selalu', 'error', 'error']",4,3,0.0,0.0
4d241b34-5391-4f03-9b35-6900ed400bdd,"sering bermasalah sama server,,lag issue sama data keystats emiten tidak sinkron sama lapkeu.",1,negatif,sering masalah sama serverlag issue sama data keystats emiten tidak sinkron sama lapkeu,"['sering', 'masalah', 'sama', 'serverlag', 'issue', 'sama', 'data', 'keystats', 'emiten', 'tidak', 'sinkron', 'sama', 'lapkeu']",13,13,0.0,0.0
b58c132c-876c-4abc-8365-063a15a9fba5,Error mulu,1,negatif,error mulu,"['error', 'mulu']",2,2,0.0,0.0
505d5c8d-446a-419d-912a-e63d14b841ad,"Aplikasi ini kelihatannya lebih banyak merugikan bagi penggunanya, sejauh yg saya coba, aplikasi ini lebih banyak kacaunya. Harusnya tdk perlu mendapatkan bintang bagi penilaian thd aplikasi ini.",1,negatif,aplikasi lihat lebih banyak rugi bagi guna jauh coba aplikasi lebih banyak kacau harus tidak perlu dapat bintang bagi nilai thd aplikasi,"['aplikasi', 'lihat', 'lebih', 'banyak', 'rugi', 'bagi', 'guna', 'jauh', 'coba', 'aplikasi', 'lebih', 'banyak', 'kacau', 'harus', 'tidak', 'perlu', 'dapat', 'bintang', 'bagi', 'nilai', 'thd', 'aplikasi']",27,22,0.0,0.0
7bcbfad2-5c65-4ab3-8ae8-3801326332f6,CS SLOW RESPON,1,negatif,cs slow respon,"['cs', 'slow', 'respon']",3,3,-0.3,-0.3
0df96cf5-be35-4546-beee-f56cd77c612c,FAST ORDER KEPANJANGAN !! Ini stockbit kenapa jadi panjang banget FAST ORDER bid asknya ?!!! Jadi susah buat WD!! Tolong fix UI yg Sembrono ini soon!!,1,negatif,fast order panjang stockbit kenapa jadi panjang banget fast order bid asknya jadi susah buat wd tolong fix ui sembrono soon,"['fast', 'order', 'panjang', 'stockbit', 'kenapa', 'jadi', 'panjang', 'banget', 'fast', 'order', 'bid', 'asknya', 'jadi', 'susah', 'buat', 'wd', 'tolong', 'fix', 'ui', 'sembrono', 'soon']",26,21,0.633087158203125,0.2
03aa06c6-3a8c-4307-8b79-df36d4d77b8c,"Susah sekali untuk register, perlu (KTP Orang Tua) tidak dapat menerima bentuk doc maupun foto. lalu bagaimana dengan saya yang orang tuanya berada di luar kota? ketika saya mencoba menghubungi customer service juga lama sekali membalasnya",1,negatif,susah sekali register perlu ktp orang tua tidak dapat terima bentuk doc maupun foto lalu bagaimana dengan orang tua ada luar kota ketika coba hubung customer service juga lama sekali balas,"['susah', 'sekali', 'register', 'perlu', 'ktp', 'orang', 'tua', 'tidak', 'dapat', 'terima', 'bentuk', 'doc', 'maupun', 'foto', 'lalu', 'bagaimana', 'dengan', 'orang', 'tua', 'ada', 'luar', 'kota', 'ketika', 'coba', 'hubung', 'customer', 'service', 'juga', 'lama', 'sekali', 'balas']",36,31,0.0,0.0
380c8a50-eedc-4603-b879-7ed221c0d83d,setelah upgrade layar portfolio jadi blanknyg bagian atasnya,2,negatif,telah upgrade layar portfolio jadi blanknyg bagi atas,"['telah', 'upgrade', 'layar', 'portfolio', 'jadi', 'blanknyg', 'bagi', 'atas']",8,8,0.0,0.0
c97e04ed-95f4-4808-b64a-1a5ad4ef67b2,"Customer service sampah, CS yang namanya stef, gile lama banget respond nya, seharian gak ada balasan",1,negatif,customer service sampah cs nama stef gile lama banget respond nya hari tidak ada balas,"['customer', 'service', 'sampah', 'cs', 'nama', 'stef', 'gile', 'lama', 'banget', 'respond', 'nya', 'hari', 'tidak', 'ada', 'balas']",16,15,0.0,0.0
2780a40a-9b39-4975-b4ea-1dd56dba7518,"bukan masalah trade experience,tapi gif nya selalu bermasalah ketika lagi dibutuhin buat bales stream,sering gak muncul sama sekali,menurut ku fitur gif cukup penting",2,negatif,bukan masalah trade experiencetapi gif nya selalu masalah ketika lagi dibutuhin buat bales streamsering tidak muncul sama sekalimenurut ku fitur gif cukup penting,"['bukan', 'masalah', 'trade', 'experiencetapi', 'gif', 'nya', 'selalu', 'masalah', 'ketika', 'lagi', 'dibutuhin', 'buat', 'bales', 'streamsering', 'tidak', 'muncul', 'sama', 'sekalimenurut', 'ku', 'fitur', 'gif', 'cukup', 'penting']",23,23,0.0,0.0
f532668b-4e85-48de-90d0-4163751c440f,ngapain pakai cara otenfikasi 2 langkah ? akun sendiri kok di pakai ruwet ?,1,negatif,ngapain pakai cara otenfikasi langkah akun sendiri kok pakai ruwet,"['ngapain', 'pakai', 'cara', 'otenfikasi', 'langkah', 'akun', 'sendiri', 'kok', 'pakai', 'ruwet']",14,10,0.0,0.0
0bf858b2-b6d8-4497-b011-05d095a15e62,"sometimes there is hidden bills, for example data fee",2,negatif,sometimes there hidden bills example data fee,"['sometimes', 'there', 'hidden', 'bills', 'example', 'data', 'fee']",9,7,-0.1666666666666666,-0.1666666666666666
7260e8e5-547f-4368-8126-c3709c8be2f9,crash,2,negatif,crash,['crash'],1,1,0.0,0.0
54532e30-eea9-41c3-9839-c68e4cff52b3,"aplikasi sampah, kebanyakan erornya",1,negatif,aplikasi sampah banyak eror,"['aplikasi', 'sampah', 'banyak', 'eror']",4,4,0.0,0.0
381cadf9-54b3-4d6e-9784-a08bc41ad2b7,Almost every time service maintenance..👎🏻👎🏻👎🏻👎🏻👎🏻👎🏻👎🏻👎🏻👎🏻👎🏻👎🏻👎🏻,1,negatif,almost every time service maintenance,"['almost', 'every', 'time', 'service', 'maintenance']",5,5,0.0,0.0
ddb96c91-090a-4331-82a7-8270c809b74c,"cs/live support/whatever u name it sangat lambat dalam merespon. email pun sama, tidak ada respon padahal sudah 1×24jam. fitur chat sering error. untuk customer experience bisa dibilang sangat tidak menyenangkan.",1,negatif,cslive supportwhatever u name it sangat lambat dalam merespon email pun sama tidak ada respon padahal sudah jam fitur chat sering error customer experience bisa bilang sangat tidak senang,"['cslive', 'supportwhatever', 'u', 'name', 'it', 'sangat', 'lambat', 'dalam', 'merespon', 'email', 'pun', 'sama', 'tidak', 'ada', 'respon', 'padahal', 'sudah', 'jam', 'fitur', 'chat', 'sering', 'error', 'customer', 'experience', 'bisa', 'bilang', 'sangat', 'tidak', 'senang']",30,29,0.0,0.0
9c341b25-6d1f-4cbb-ac79-bf2d00b3fbe5,"kamis jumat kmrn eror gak bs jual/buka porto,profit jadi loss ga ada permintaan maaf atau penjelasan apa2",1,negatif,kamis jumat kmrn eror tidak bisa jualbuka portoprofit jadi loss tidak ada minta maaf atau jelas apa,"['kamis', 'jumat', 'kmrn', 'eror', 'tidak', 'bisa', 'jualbuka', 'portoprofit', 'jadi', 'loss', 'tidak', 'ada', 'minta', 'maaf', 'atau', 'jelas', 'apa']",17,17,0.0,0.0
86ecde24-3e97-49eb-88f5-affc6298788c,"jam 09.00 open market, RDN anda akan langsung error. Selamat. (NEW RESPOND) Anda bisa saja memperbaiki nya dan memang sudah normal, TAPI 35 menit terbuang di AWAL open market. Hal ini cukup utk mempertahankan rating 1 bintang saya untuk anda. Sampai anda melakukan sesuatu LEBIH yang membuat customer merasa terbayarkan dan impas.",1,negatif,jam open market rdn anda akan langsung error selamat new respond anda bisa saja baik nya memang sudah normal tapi menit buang awal open market hal cukup tahan rating bintang anda sampai anda laku sesuatu lebih buat customer rasa bayar impas,"['jam', 'open', 'market', 'rdn', 'anda', 'akan', 'langsung', 'error', 'selamat', 'new', 'respond', 'anda', 'bisa', 'saja', 'baik', 'nya', 'memang', 'sudah', 'normal', 'tapi', 'menit', 'buang', 'awal', 'open', 'market', 'hal', 'cukup', 'tahan', 'rating', 'bintang', 'anda', 'sampai', 'anda', 'laku', 'sesuatu', 'lebih', 'buat', 'customer', 'rasa', 'bayar', 'impas']",52,41,0.0715909090909091,0.0715909090909091
3d9c790a-03d4-4024-b73a-ec5a9dee8860,2 days streak of error right after the market opens. Good job.,1,negatif,days streak error right after market opens good job,"['days', 'streak', 'error', 'right', 'after', 'market', 'opens', 'good', 'job']",12,9,0.4928571428571428,0.4928571428571428
3d8c1f50-4930-48b0-a812-03c566ee4e09,"aplikasi sering down pas market open, not recommend untuk trading",1,negatif,aplikasi sering down pas market open not recommend trading,"['aplikasi', 'sering', 'down', 'pas', 'market', 'open', 'not', 'recommend', 'trading']",10,9,-0.0777777777777777,-0.0777777777777777
20270cc6-7404-4503-a181-960501bf2d0f,2 hari pembukaan bursa app error saya rugi besar auto lirik sekuritas lain,1,negatif,hari buka bursa aplikasi error rugi besar auto lirik sekuritas lain,"['hari', 'buka', 'bursa', 'aplikasi', 'error', 'rugi', 'besar', 'auto', 'lirik', 'sekuritas', 'lain']",13,11,0.0,0.0
768ec05e-8e4f-4717-a23a-8c4f3f14d642,desktop appnya lemot. tanggal 5 6 error. Paling parah tanggal 7. hadeeeh.,1,negatif,desktop appnya lot tanggal error paling parah tanggal hadeeeh,"['desktop', 'appnya', 'lot', 'tanggal', 'error', 'paling', 'parah', 'tanggal', 'hadeeeh']",12,9,0.0,0.0
f93b9692-bd92-47ee-a667-f4dd3ea47d8d,"Problematic trading platform. The App cannot be accessed for 30 min during the market opening hours for 2 STRAIGHT DAYS, and yet they offer ZERO explanation about this and did not even acknowledge the error, acting like nothing happened. And worst of all, this is not the 1st time this happened! Stockbit, if you claim to be THE platform for serious trader then FIX your lousy server! As one of your user I am really disappointed in your service & I will move my account if this keeps happening.",1,negatif,problematic trading platform aplikasi can not be accessed min during market opening hours straight days and yet they offer zero explanation about and did not even acknowledge error acting like nothing happened and worst all not st time happened stockbit if you claim be platform serious trader then fix your lousy server as one your user i really disappointed your service i will move my account if keeps happening,"['problematic', 'trading', 'platform', 'aplikasi', 'can', 'not', 'be', 'accessed', 'min', 'during', 'market', 'opening', 'hours', 'straight', 'days', 'and', 'yet', 'they', 'offer', 'zero', 'explanation', 'about', 'and', 'did', 'not', 'even', 'acknowledge', 'error', 'acting', 'like', 'nothing', 'happened', 'and', 'worst', 'all', 'not', 'st', 'time', 'happened', 'stockbit', 'if', 'you', 'claim', 'be', 'platform', 'serious', 'trader', 'then', 'fix', 'your', 'lousy', 'server', 'as', 'one', 'your', 'user', 'i', 'really', 'disappointed', 'your', 'service', 'i', 'will', 'move', 'my', 'account', 'if', 'keeps', 'happening']",89,69,-0.4180555555555555,-0.3972222222222222
da80370c-2e46-4f99-8362-6e383c664167,"udah 3hari (5-7nov '25) selalu error di setiap opening! 20menit pertama gak bisa buy or sell, gak bisa masuk ke hapaman porto & order!!!! udah uninstall-reinstall, udah log in bolak balik sama aja!!!",1,negatif,sudah hari nov selalu error tiap opening menit pertama tidak bisa buy or sell tidak bisa masuk hapaman porto order sudah uninstallreinstall sudah log bolak balik sama saja,"['sudah', 'hari', 'nov', 'selalu', 'error', 'tiap', 'opening', 'menit', 'pertama', 'tidak', 'bisa', 'buy', 'or', 'sell', 'tidak', 'bisa', 'masuk', 'hapaman', 'porto', 'order', 'sudah', 'uninstallreinstall', 'sudah', 'log', 'bolak', 'balik', 'sama', 'saja']",33,28,0.0,0.0
109adc16-91ec-4696-9dd7-34a496f92240,"Semenjak peluncuran IPO PJHB, sistem stockbit down tepat pada pukul 9.00 Dan ini sudah terjadi 2x. Banyak yang mengalami kerugian",1,negatif,semenjak luncur ipo pjhb sistem stockbit down tepat pada pukul sudah jadi x banyak alami rugi,"['semenjak', 'luncur', 'ipo', 'pjhb', 'sistem', 'stockbit', 'down', 'tepat', 'pada', 'pukul', 'sudah', 'jadi', 'x', 'banyak', 'alami', 'rugi']",20,16,-0.1555555555555555,-0.1555555555555555
f2f4199e-1d52-4318-8be6-241d39ae4923,gangguan,1,negatif,ganggu,['ganggu'],1,1,0.0,0.0
901192c2-f315-4c85-88e8-764efee45668,missed profit opportunity due to error,1,negatif,missed profit opportunity due error,"['missed', 'profit', 'opportunity', 'due', 'error']",6,5,-0.125,-0.125
bf29533e-ecc4-4e33-9a78-13ad6ac096e0,"2 kali error pas pagi, itu periode krusial padahal. Minta maaf aja kaga, amazing emang",1,negatif,kali error pas pagi periode krusial padahal minta maaf saja kaga amazing memang,"['kali', 'error', 'pas', 'pagi', 'periode', 'krusial', 'padahal', 'minta', 'maaf', 'saja', 'kaga', 'amazing', 'memang']",15,13,0.6000000000000001,0.6000000000000001
